
<resources>
    <color name="seed">#0048A8</color>
    <color name="md_theme_light_primary">#245ABA</color>
    <color name="md_theme_light_onPrimary">#FFFFFF</color>
    <color name="md_theme_light_primaryContainer">#D9E2FF</color>
    <color name="md_theme_light_onPrimaryContainer">#001945</color>
    <color name="md_theme_light_secondary">#006874</color>
    <color name="md_theme_light_onSecondary">#FFFFFF</color>
    <color name="md_theme_light_secondaryContainer">#97F0FF</color>
    <color name="md_theme_light_onSecondaryContainer">#001F24</color>
    <color name="md_theme_light_tertiary">#984061</color>
    <color name="md_theme_light_onTertiary">#FFFFFF</color>
    <color name="md_theme_light_tertiaryContainer">#FFD9E2</color>
    <color name="md_theme_light_onTertiaryContainer">#3E001D</color>
    <color name="md_theme_light_error">#BA1A1A</color>
    <color name="md_theme_light_errorContainer">#FFDAD6</color>
    <color name="md_theme_light_onError">#FFFFFF</color>
    <color name="md_theme_light_onErrorContainer">#410002</color>
    <color name="md_theme_light_background">#FEFBFF</color>
    <color name="md_theme_light_onBackground">#1B1B1F</color>
    <color name="md_theme_light_surface">#FEFBFF</color>
    <color name="md_theme_light_onSurface">#1B1B1F</color>
    <color name="md_theme_light_surfaceVariant">#E1E2EC</color>
    <color name="md_theme_light_onSurfaceVariant">#44464F</color>
    <color name="md_theme_light_outline">#757780</color>
    <color name="md_theme_light_inverseOnSurface">#F2F0F4</color>
    <color name="md_theme_light_inverseSurface">#303034</color>
    <color name="md_theme_light_inversePrimary">#B0C6FF</color>
    <color name="md_theme_light_shadow">#000000</color>
    <color name="md_theme_light_surfaceTint">#245ABA</color>
    <color name="md_theme_light_outlineVariant">#C5C6D0</color>
    <color name="md_theme_light_scrim">#000000</color>
    <color name="md_theme_dark_primary">#B0C6FF</color>
    <color name="md_theme_dark_onPrimary">#002D6E</color>
    <color name="md_theme_dark_primaryContainer">#00429B</color>
    <color name="md_theme_dark_onPrimaryContainer">#D9E2FF</color>
    <color name="md_theme_dark_secondary">#4FD8EB</color>
    <color name="md_theme_dark_onSecondary">#00363D</color>
    <color name="md_theme_dark_secondaryContainer">#004F58</color>
    <color name="md_theme_dark_onSecondaryContainer">#97F0FF</color>
    <color name="md_theme_dark_tertiary">#FFB1C8</color>
    <color name="md_theme_dark_onTertiary">#5E1133</color>
    <color name="md_theme_dark_tertiaryContainer">#7B2949</color>
    <color name="md_theme_dark_onTertiaryContainer">#FFD9E2</color>
    <color name="md_theme_dark_error">#FFB4AB</color>
    <color name="md_theme_dark_errorContainer">#93000A</color>
    <color name="md_theme_dark_onError">#690005</color>
    <color name="md_theme_dark_onErrorContainer">#FFDAD6</color>
    <color name="md_theme_dark_background">#1B1B1F</color>
    <color name="md_theme_dark_onBackground">#E3E2E6</color>
    <color name="md_theme_dark_surface">#1B1B1F</color>
    <color name="md_theme_dark_onSurface">#E3E2E6</color>
    <color name="md_theme_dark_surfaceVariant">#44464F</color>
    <color name="md_theme_dark_onSurfaceVariant">#C5C6D0</color>
    <color name="md_theme_dark_outline">#8F9099</color>
    <color name="md_theme_dark_inverseOnSurface">#1B1B1F</color>
    <color name="md_theme_dark_inverseSurface">#E3E2E6</color>
    <color name="md_theme_dark_inversePrimary">#245ABA</color>
    <color name="md_theme_dark_shadow">#000000</color>
    <color name="md_theme_dark_surfaceTint">#B0C6FF</color>
    <color name="md_theme_dark_outlineVariant">#44464F</color>
    <color name="md_theme_dark_scrim">#000000</color>
    <color name="#0048A8">#0048A8</color>
</resources>
